{
  "version": 1,
  "author": "Arwa Salem",
  "editor": "wokwi",
  "parts": [
    { "type": "board-esp32-devkit-c-v4", "id": "esp", "top": -48, "left": -4.76, "attrs": {} },
    {
      "type": "wokwi-lcd1602",
      "id": "lcd1",
      "top": 188.8,
      "left": -119.2,
      "attrs": { "pins": "i2c" }
    },
    { "type": "wokwi-potentiometer", "id": "pot1", "top": -126.1, "left": -134.6, "attrs": {} },
    { "type": "wokwi-potentiometer", "id": "pot2", "top": -126.1, "left": -57.8, "attrs": {} },
    { "type": "wokwi-potentiometer", "id": "pot3", "top": -126.1, "left": 19, "attrs": {} },
    { "type": "wokwi-potentiometer", "id": "pot4", "top": -126.1, "left": 95.8, "attrs": {} },
    { "type": "wokwi-servo", "id": "servo1", "top": 26.8, "left": 144, "attrs": {} }
  ],
  "connections": [
    [ "esp:TX", "$serialMonitor:RX", "", [] ],
    [ "esp:RX", "$serialMonitor:TX", "", [] ],
    [ "lcd1:GND", "esp:GND.1", "black", [ "h-9.6", "v-48" ] ],
    [ "lcd1:SDA", "esp:21", "green", [ "h-28.8", "v-57.4", "h249.6", "v-144" ] ],
    [ "lcd1:SCL", "esp:22", "green", [ "h-38.4", "v-76.5", "h268.8", "v-28.8" ] ],
    [ "pot1:VCC", "esp:3V3", "red", [ "v0" ] ],
    [ "pot2:VCC", "esp:3V3", "red", [ "v0" ] ],
    [ "pot3:VCC", "esp:3V3", "red", [ "v0" ] ],
    [ "pot4:VCC", "esp:3V3", "red", [ "v0" ] ],
    [ "pot2:GND", "esp:GND.1", "black", [ "v0" ] ],
    [ "pot1:GND", "esp:GND.1", "black", [ "v0" ] ],
    [ "pot1:SIG", "esp:34", "green", [ "v0" ] ],
    [ "pot2:SIG", "esp:35", "green", [ "v0" ] ],
    [ "pot3:SIG", "esp:32", "green", [ "v19.2", "h-96.4", "v19.2" ] ],
    [ "pot4:SIG", "esp:33", "green", [ "v9.6", "h-182.8", "v86.4" ] ],
    [ "servo1:V+", "esp:5V", "green", [ "h-19.2", "v76.9", "h-144" ] ],
    [ "servo1:GND", "esp:GND.3", "black", [ "h-9.6", "v0", "h-9.6", "v-19.2" ] ],
    [ "pot3:GND", "esp:GND.2", "black", [ "v28.8", "h48" ] ],
    [ "pot4:GND", "esp:GND.2", "black", [ "v28.8", "h-28.8" ] ],
    [ "esp:13", "servo1:PWM", "green", [ "h-19.05", "v76.8", "h153.6" ] ],
    [ "lcd1:VCC", "esp:3V3", "red", [ "h-19.2", "v-239.9" ] ]
  ],
  "dependencies": {}
}