{
  "version": 1,
  "author": "Anonymous maker",
  "editor": "wokwi",
  "parts": [
    { "type": "board-esp32-devkit-c-v4", "id": "esp", "top": -9.6, "left": 120.04, "attrs": {} },
    { "type": "wokwi-led", "id": "led1", "top": -51.6, "left": 42.2, "attrs": { "color": "red" } },
    { "type": "wokwi-led", "id": "led2", "top": -51.6, "left": 23, "attrs": { "color": "green" } },
    { "type": "wokwi-led", "id": "led3", "top": 198, "left": -159.4, "attrs": { "color": "red" } },
    {
      "type": "wokwi-led",
      "id": "led4",
      "top": 198,
      "left": -178.6,
      "attrs": { "color": "green" }
    },
    {
      "type": "wokwi-led",
      "id": "led5",
      "top": -51.6,
      "left": 253.4,
      "attrs": { "color": "red" }
    },
    {
      "type": "wokwi-led",
      "id": "led6",
      "top": -51.6,
      "left": 272.6,
      "attrs": { "color": "green" }
    },
    { "type": "wokwi-led", "id": "led7", "top": 198, "left": 407, "attrs": { "color": "red" } },
    {
      "type": "wokwi-led",
      "id": "led8",
      "top": 198,
      "left": 426.2,
      "attrs": { "color": "green" }
    },
    {
      "type": "wokwi-resistor",
      "id": "r1",
      "top": -33.6,
      "left": -10.15,
      "rotate": 90,
      "attrs": { "value": "220" }
    },
    {
      "type": "wokwi-resistor",
      "id": "r2",
      "top": -33.6,
      "left": 57.05,
      "rotate": 90,
      "attrs": { "value": "220" }
    },
    {
      "type": "wokwi-resistor",
      "id": "r3",
      "top": 216,
      "left": -144.55,
      "rotate": 90,
      "attrs": { "value": "220" }
    },
    {
      "type": "wokwi-resistor",
      "id": "r4",
      "top": 216,
      "left": -211.75,
      "rotate": 90,
      "attrs": { "value": "220" }
    },
    {
      "type": "wokwi-resistor",
      "id": "r5",
      "top": -33.6,
      "left": 220.25,
      "rotate": 90,
      "attrs": { "value": "220" }
    },
    {
      "type": "wokwi-resistor",
      "id": "r6",
      "top": -33.6,
      "left": 287.45,
      "rotate": 90,
      "attrs": { "value": "220" }
    },
    {
      "type": "wokwi-resistor",
      "id": "r7",
      "top": 216,
      "left": 373.85,
      "rotate": 90,
      "attrs": { "value": "220" }
    },
    {
      "type": "wokwi-resistor",
      "id": "r8",
      "top": 216,
      "left": 441.05,
      "rotate": 90,
      "attrs": { "value": "220" }
    },
    { "type": "wokwi-hc-sr04", "id": "ultrasonic1", "top": -152.1, "left": -234.5, "attrs": {} },
    { "type": "wokwi-hc-sr04", "id": "ultrasonic2", "top": 231.9, "left": -52.1, "attrs": {} },
    { "type": "wokwi-hc-sr04", "id": "ultrasonic3", "top": 231.9, "left": 197.5, "attrs": {} },
    { "type": "wokwi-hc-sr04", "id": "ultrasonic4", "top": -152.1, "left": 341.5, "attrs": {} }
  ],
  "connections": [
    [ "esp:TX", "$serialMonitor:RX", "", [] ],
    [ "esp:RX", "$serialMonitor:TX", "", [] ],
    [ "led1:A", "r2:2", "green", [ "v0" ] ],
    [ "r2:1", "esp:21", "green", [ "h9.6", "v48", "h134.4", "v28.8" ] ],
    [ "led1:C", "esp:GND.1", "green", [ "v0" ] ],
    [ "led2:C", "esp:GND.1", "green", [ "v0" ] ],
    [ "led2:A", "r1:2", "green", [ "v0" ] ],
    [ "r1:1", "esp:16", "green", [ "h-9.6", "v259.2", "h220.8", "v-124.8" ] ],
    [ "led3:A", "r3:2", "green", [ "v0" ] ],
    [ "led3:C", "esp:GND.1", "green", [ "v19.2", "h96.4", "v-28.8", "h163.2", "v-57.6" ] ],
    [ "led4:C", "esp:GND.1", "green", [ "v28.8", "h106", "v-48", "h163.2", "v-38.4" ] ],
    [ "led4:A", "r4:2", "green", [ "v0" ] ],
    [ "r3:1", "esp:22", "green", [ "h355.2", "v-96" ] ],
    [ "led8:A", "r8:2", "green", [ "v0" ] ],
    [ "led7:A", "r7:2", "green", [ "v0" ] ],
    [ "ultrasonic1:GND", "esp:GND.1", "black", [ "v0" ] ],
    [ "ultrasonic2:GND", "esp:GND.3", "black", [ "v0", "h75.6", "v-105.6", "h124.8", "v-19.2" ] ],
    [ "ultrasonic2:VCC", "esp:5V", "red", [ "v0", "h-86.4", "v-124.8" ] ],
    [ "ultrasonic2:TRIG", "esp:27", "green", [ "v9.6", "h-106", "v-124.8" ] ],
    [ "ultrasonic2:ECHO", "esp:14", "green", [ "v19.2", "h-125.6", "v-67.2" ] ],
    [ "r4:1", "esp:17", "green", [ "h441.6", "v-19.2" ] ],
    [ "ultrasonic3:VCC", "esp:5V", "red", [ "v0", "h-134.4" ] ],
    [ "ultrasonic1:ECHO", "esp:25", "green", [ "v0" ] ],
    [ "ultrasonic1:TRIG", "esp:26", "green", [ "v0" ] ],
    [ "ultrasonic1:VCC", "esp:5V", "red", [ "v0" ] ],
    [ "led5:A", "r5:2", "green", [ "v0" ] ],
    [ "r5:1", "esp:23", "green", [ "h-9.6", "v76.8" ] ],
    [ "led5:C", "esp:GND.2", "green", [ "v0" ] ],
    [ "led6:A", "r6:2", "green", [ "v0" ] ],
    [ "r6:1", "esp:18", "green", [ "h9.6", "v96" ] ],
    [ "led6:C", "esp:GND.2", "green", [ "v0" ] ],
    [ "ultrasonic3:TRIG", "esp:32", "green", [ "v9.6", "h-163.6", "v-134.4" ] ],
    [ "ultrasonic3:GND", "esp:GND.3", "black", [ "v0", "h66", "v-115.2" ] ],
    [ "ultrasonic3:ECHO", "esp:33", "green", [ "v19.2", "h-173.6", "v-326.4" ] ],
    [ "r7:1", "esp:19", "green", [ "h-115.2", "v-105.6" ] ],
    [ "led7:C", "esp:GND.3", "green", [ "v19.2", "h-28.4", "v-134.4" ] ],
    [ "led8:C", "esp:GND.3", "green", [ "v28.8", "h-57.2", "v-182.4" ] ],
    [ "ultrasonic4:VCC", "esp:5V", "red", [ "v288", "h-288" ] ],
    [ "r8:1", "esp:5", "green", [ "h0", "v-105.6" ] ],
    [ "ultrasonic4:TRIG", "esp:4", "green", [ "v0" ] ],
    [ "ultrasonic4:ECHO", "esp:2", "green", [ "v0" ] ],
    [ "ultrasonic4:GND", "esp:GND.2", "black", [ "v0" ] ]
  ],
  "dependencies": {}
}